247,453,500,0,583,29,726,806,129,238,120,586,313,341,224,394,379,523,253,494,326,501,291,506,205,418,223,429,315,494,208,372,287,433,277,431,258,405,305,384,310,510,
583,29,247,453,846,246,472,55,731,42,670,10,549,45,603,119,543,108,543,99,590,85,
726,806,247,453,474,793,968,580,907,858,762,882,681,732,801,816,656,758,679,741,737,719,680,742,730,879,763,802,731,811,802,857,659,744,645,808,717,719,742,828,715,760,666,736,711,843,703,788,705,731,683,729,725,873,762,826,
129,238,247,453,189,259,203,215,124,151,34,292,119,224,43,213,163,284,208,280,100,249,119,321,67,249,111,267,129,293,84,314,188,307,175,155,200,303,199,207,176,296,
474,793,726,806,341,678,359,868,573,821,485,750,492,808,501,778,540,835,462,762,463,869,468,766,448,845,447,826,457,871,441,834,407,847,508,834,385,776,535,726,432,871,505,805,
120,586,247,453,64,533,118,640,64,569,171,575,61,525,176,659,64,512,134,536,95,498,185,634,72,539,75,642,70,653,112,500,48,647,64,607,118,676,95,594,119,620,
846,246,583,29,878,355,917,104,806,273,900,256,831,202,861,197,870,307,858,284,790,242,816,260,886,225,830,185,772,278,908,261,811,194,855,322,
341,678,474,793,292,605,365,701,343,769,330,739,297,639,428,658,319,609,387,606,303,599,308,706,302,710,302,757,401,632,275,716,293,717,363,775,
472,55,583,29,549,45,543,108,543,99,447,13,511,100,423,117,449,112,461,37,416,64,507,147,375,64,449,60,483,114,454,122,
359,868,474,793,54,887,304,813,351,811,298,866,448,845,447,826,407,886,300,873,457,871,441,834,407,847,425,920,385,776,305,815,393,885,363,775,432,871,
573,821,474,793,549,980,621,821,492,808,615,788,501,778,600,906,540,835,588,805,591,766,646,877,645,808,508,834,620,781,595,822,505,805,
313,341,247,453,379,292,378,320,219,326,280,282,362,339,314,274,382,399,343,267,273,323,287,433,277,431,347,254,334,299,341,329,258,405,305,384,
968,580,726,806,859,556,934,682,986,568,929,552,917,597,939,538,947,603,943,647,887,530,
224,394,247,453,205,418,219,326,223,429,173,354,146,418,162,351,156,400,208,372,273,323,287,433,188,307,277,431,258,405,305,384,200,303,156,373,
731,42,583,29,741,139,770,6,670,10,698,65,720,36,652,102,758,28,716,66,694,128,823,31,709,81,724,44,793,118,775,62,763,90,711,76,741,77,
878,355,846,246,696,448,910,448,883,363,930,366,802,364,839,401,870,307,858,284,805,348,821,406,860,434,831,348,912,397,908,261,855,322,
549,980,573,821,600,906,627,992,501,931,552,936,600,973,488,921,570,980,532,977,639,975,
485,750,474,793,518,673,492,808,503,675,501,778,462,762,468,766,447,826,471,679,441,834,508,834,535,726,474,668,505,805,
741,139,731,42,749,189,698,65,754,154,652,102,732,212,716,66,694,128,709,81,724,44,681,196,664,148,788,151,793,118,775,62,763,90,711,76,811,194,690,155,741,77,
189,259,129,238,203,215,119,224,163,284,208,280,219,326,100,249,280,282,119,321,231,240,218,289,173,354,111,267,129,293,162,351,252,231,188,307,200,303,199,207,176,296,
907,858,726,806,965,926,913,886,889,820,922,937,885,805,873,952,883,794,880,807,881,860,965,806,922,772,959,798,
696,448,878,355,642,619,760,377,642,523,702,388,746,502,649,409,713,488,626,404,761,517,775,493,699,436,
917,104,846,246,993,50,915,108,922,27,952,48,899,73,911,56,945,194,946,127,904,20,993,80,
859,556,968,580,829,557,778,525,869,637,865,602,829,511,813,472,796,569,929,552,917,597,839,650,860,517,939,538,810,508,879,528,855,625,947,603,887,530,
379,292,313,341,378,320,402,257,389,276,280,282,405,274,362,339,314,274,411,214,343,267,347,254,334,299,341,329,323,222,314,238,
203,215,129,238,189,259,119,224,163,284,208,280,288,198,213,140,231,240,218,289,298,193,185,141,252,231,188,307,175,155,200,303,199,207,176,296,
124,151,129,238,134,16,185,83,119,224,213,140,117,107,57,84,185,141,175,155,125,101,41,111,199,207,66,88,
64,533,120,586,63,463,52,487,64,569,61,525,64,512,134,536,95,498,40,479,60,482,72,539,92,449,18,525,83,453,112,500,64,607,95,594,
378,320,313,341,379,292,402,257,389,276,405,274,362,339,314,274,462,351,382,399,343,267,347,254,334,299,341,329,305,384,
54,887,359,868,83,916,82,948,94,926,44,810,89,871,41,932,47,880,26,890,96,803,
770,6,731,42,698,65,720,36,758,28,716,66,823,31,709,81,724,44,775,62,763,90,711,76,741,77,
63,463,64,533,52,487,120,403,61,525,64,512,28,379,95,498,40,479,60,482,109,399,72,539,51,368,92,449,18,525,83,453,146,418,112,500,95,403,98,401,
34,292,129,238,43,213,8,298,100,249,94,361,119,321,28,379,67,249,51,368,21,200,37,288,87,354,111,267,129,293,6,274,84,314,6,299,12,350,
910,448,878,355,883,363,991,401,956,435,930,366,813,472,839,401,933,474,860,517,939,538,938,453,879,528,821,406,860,434,911,455,912,397,971,455,887,530,
52,487,64,533,63,463,64,569,61,525,64,512,134,536,95,498,40,479,60,482,72,539,92,449,18,525,83,453,112,500,95,403,98,401,
670,10,583,29,731,42,698,65,720,36,652,102,758,28,716,66,709,81,724,44,711,76,741,77,
134,16,124,151,185,83,95,55,117,107,78,46,200,61,65,10,201,74,210,47,125,101,112,45,66,88,182,23,
829,557,859,556,778,525,869,637,865,602,829,511,746,502,813,472,796,569,917,597,839,650,776,635,860,517,810,508,879,528,855,625,761,517,775,493,887,530,
379,523,247,453,449,485,326,501,291,506,387,606,315,494,391,572,332,534,460,524,377,497,388,460,439,582,346,577,385,439,310,510,
621,821,573,821,659,881,656,758,679,741,615,788,680,742,600,906,540,835,630,909,588,805,591,766,659,744,646,877,645,808,666,736,635,920,711,843,703,788,620,781,595,822,663,903,
185,83,124,151,134,16,95,55,320,54,213,140,117,107,200,61,231,112,185,141,201,74,210,47,245,77,277,107,175,155,125,101,112,45,182,23,
95,55,134,16,185,83,117,107,78,46,57,84,65,10,125,101,41,111,9,6,112,45,66,88,182,23,
965,926,907,858,913,886,935,971,922,937,873,952,
993,50,917,104,915,108,922,27,952,48,899,73,911,56,946,127,904,20,993,80,
402,257,379,292,378,320,389,276,405,274,442,209,362,339,314,274,474,213,411,214,343,267,473,250,347,254,334,299,341,329,440,202,323,222,314,238,
642,619,696,448,584,551,696,553,603,578,642,523,578,622,655,611,608,532,571,597,643,628,614,655,623,659,636,589,620,524,674,570,724,635,717,614,663,682,
83,916,54,887,82,948,94,926,89,871,41,932,172,899,47,880,26,890,
253,494,247,453,263,594,326,501,291,506,205,418,223,568,223,429,315,494,262,574,332,534,240,557,287,433,277,431,258,405,310,510,
449,485,379,523,521,480,460,524,377,497,388,460,444,399,497,419,439,582,450,439,385,439,508,481,
762,882,726,806,801,816,730,879,763,802,731,811,802,857,742,828,789,907,711,843,830,941,725,873,743,950,762,826,
263,594,253,494,292,605,252,602,171,575,291,506,223,568,297,639,255,624,319,609,185,634,303,599,213,666,262,574,332,534,240,557,346,577,310,510,
320,54,185,83,374,3,376,120,347,101,300,32,362,43,275,5,338,27,350,51,275,128,304,76,366,79,324,115,416,64,375,64,245,77,322,134,277,107,350,139,266,0,
389,276,379,292,378,320,402,257,405,274,442,209,362,339,314,274,411,214,343,267,473,250,347,254,334,299,341,329,440,202,323,222,314,238,
518,673,485,750,503,675,556,672,578,622,428,658,450,622,571,597,614,655,460,621,471,679,535,726,478,606,474,668,
119,224,129,238,189,259,203,215,124,151,43,213,163,284,100,249,119,321,67,249,111,267,129,293,84,314,175,155,199,207,176,296,
292,605,341,678,263,594,252,602,291,506,223,568,297,639,255,624,319,609,387,606,303,599,213,666,262,574,332,534,240,557,346,577,310,510,
326,501,247,453,379,523,253,494,291,506,315,494,262,574,391,572,332,534,377,497,388,460,287,433,277,431,346,577,385,439,310,510,
118,640,120,586,64,569,171,575,176,659,175,720,185,634,213,666,115,703,75,642,70,653,48,647,64,607,118,676,95,594,119,620,
82,948,54,887,83,916,94,926,147,999,89,871,41,932,47,880,26,890,
681,732,726,806,656,758,679,741,615,788,737,719,680,742,731,811,591,766,659,744,623,659,645,808,717,719,715,760,666,736,703,788,705,731,705,701,683,729,620,781,663,682,
304,813,359,868,264,803,240,760,343,769,330,739,351,811,298,866,279,784,302,757,300,873,247,845,385,776,293,717,305,815,248,773,363,775,
934,682,968,580,869,637,928,711,949,752,917,597,926,704,983,731,853,676,855,625,947,603,943,647,922,772,
264,803,304,813,240,760,226,942,343,769,193,801,330,739,351,811,298,866,279,784,235,720,231,715,302,757,300,873,213,732,247,845,275,716,293,717,305,815,248,773,
120,403,63,463,205,418,94,361,119,321,28,379,95,498,60,482,109,399,173,354,51,368,92,449,87,354,83,453,146,418,162,351,156,400,208,372,112,500,95,403,84,314,98,401,156,373,
240,760,304,813,264,803,193,801,330,739,279,784,175,720,308,706,235,720,213,666,231,715,302,710,302,757,213,732,247,845,275,716,293,717,305,815,248,773,
374,3,320,54,300,32,362,43,275,5,338,27,350,51,447,13,366,79,461,37,416,64,375,64,449,60,
492,808,474,793,573,821,485,750,501,778,540,835,462,762,588,805,463,869,468,766,448,845,447,826,457,871,441,834,407,847,508,834,535,726,432,871,505,805,
365,701,341,678,343,769,330,739,297,639,428,658,387,606,308,706,302,710,302,757,401,632,275,716,385,776,293,717,363,775,
226,942,264,803,204,960,147,999,251,956,218,897,172,899,185,957,215,912,247,845,
549,45,583,29,472,55,574,195,603,119,543,108,543,99,511,100,461,37,590,85,483,114,
659,881,621,821,600,906,730,879,630,909,704,967,646,877,645,808,742,828,650,972,635,920,639,975,711,843,651,964,595,822,663,903,725,873,
503,675,485,750,518,673,462,762,556,672,578,622,428,658,450,622,468,766,460,621,471,679,535,726,478,606,474,668,
584,551,642,619,603,578,642,523,578,622,655,611,608,532,571,597,528,552,643,628,521,480,636,589,620,524,674,570,556,538,
574,195,549,45,513,277,603,119,630,267,543,108,627,165,591,236,507,147,648,187,571,172,535,180,
43,213,129,238,34,292,119,224,8,298,100,249,67,249,21,200,37,288,111,267,6,274,6,299,
801,816,726,806,762,882,730,879,763,802,731,811,889,820,802,857,861,763,742,828,789,907,711,843,885,805,883,794,880,807,881,860,725,873,762,826,
656,758,726,806,621,821,681,732,679,741,615,788,737,719,680,742,588,805,731,811,591,766,659,744,645,808,717,719,715,760,666,736,703,788,705,731,705,701,683,729,620,781,595,822,663,682,
513,277,574,195,607,358,534,363,575,351,538,322,591,236,442,209,474,213,462,351,473,250,531,301,535,180,511,306,
163,284,129,238,189,259,203,215,119,224,208,280,219,326,100,249,119,321,231,240,218,289,173,354,111,267,129,293,162,351,208,372,84,314,188,307,200,303,199,207,156,373,176,296,
679,741,726,806,621,821,681,732,656,758,615,788,737,719,680,742,731,811,591,766,659,744,623,659,645,808,717,719,715,760,666,736,703,788,705,731,705,701,683,729,620,781,663,682,
8,298,34,292,43,213,28,379,67,249,51,368,21,200,37,288,87,354,6,274,84,314,6,299,12,350,
778,525,859,556,829,557,696,553,829,511,746,502,813,472,796,569,713,488,860,517,810,508,761,517,775,493,
64,569,120,586,64,533,52,487,118,640,61,525,64,512,134,536,95,498,40,479,60,482,72,539,75,642,70,653,18,525,112,500,48,647,64,607,95,594,119,620,
806,273,846,246,900,256,831,202,732,212,861,197,802,364,870,307,858,284,790,242,805,348,721,304,816,260,886,225,830,185,831,348,772,278,730,264,811,194,855,322,745,343,
607,358,513,277,630,267,534,363,575,351,702,388,538,322,649,409,655,328,599,405,601,342,626,404,531,301,591,401,595,436,
376,120,320,54,347,101,362,43,350,51,304,76,423,117,366,79,449,112,324,115,416,64,375,64,322,134,449,60,277,107,454,122,350,139,
204,960,226,942,147,999,251,956,218,897,172,899,185,957,215,912,
615,788,573,821,621,821,681,732,656,758,679,741,680,742,540,835,588,805,591,766,659,744,646,877,645,808,666,736,703,788,683,729,620,781,595,822,
94,926,54,887,83,916,82,948,147,999,89,871,41,932,172,899,185,957,47,880,26,890,
603,119,583,29,549,45,574,195,543,108,627,165,543,99,652,102,511,100,694,128,590,85,664,148,648,187,571,172,690,155,535,180,
252,602,263,594,292,605,171,575,176,659,223,568,297,639,255,624,319,609,185,634,303,599,213,666,262,574,240,557,346,577,
696,553,642,619,778,525,603,578,642,523,746,502,655,611,608,532,643,628,713,488,636,589,620,524,674,570,761,517,775,493,724,635,717,614,
147,999,82,948,226,942,204,960,94,926,185,957,
915,108,917,104,993,50,922,27,952,48,899,73,911,56,945,194,946,127,904,20,993,80,
171,575,120,586,263,594,118,640,252,602,176,659,134,536,223,568,255,624,185,634,262,574,112,500,240,557,95,594,119,620,
291,506,247,453,379,523,253,494,263,594,292,605,326,501,223,568,315,494,303,599,262,574,332,534,377,497,240,557,287,433,277,431,346,577,310,510,
737,719,726,806,681,732,656,758,679,741,680,742,808,659,763,802,731,811,822,680,659,744,717,719,715,760,666,736,801,713,776,635,703,788,705,731,705,701,683,729,724,635,663,682,
869,637,859,556,829,557,934,682,928,711,808,659,865,602,822,680,796,569,917,597,839,650,926,704,776,635,853,676,855,625,947,603,943,647,
900,256,846,246,806,273,831,202,861,197,870,307,858,284,945,194,816,260,886,225,830,185,908,261,855,322,
928,711,934,682,869,637,949,752,861,763,926,704,983,731,853,676,883,794,943,647,922,772,959,798,
61,525,120,586,64,533,63,463,52,487,64,569,64,512,134,536,95,498,40,479,60,482,72,539,92,449,18,525,83,453,112,500,64,607,95,594,
343,769,341,678,304,813,264,803,365,701,330,739,351,811,279,784,308,706,302,710,302,757,275,716,385,776,293,717,305,815,248,773,363,775,
883,363,878,355,910,448,930,366,802,364,839,401,870,307,858,284,805,348,821,406,860,434,831,348,911,455,912,397,855,322,
630,267,574,195,607,358,591,236,655,328,601,342,681,196,648,187,695,282,721,304,670,225,
176,659,120,586,118,640,252,602,171,575,255,624,175,720,185,634,235,720,213,666,231,715,115,703,213,732,118,676,119,620,
603,578,642,619,584,551,696,553,642,523,578,622,655,611,608,532,571,597,528,552,643,628,614,655,623,659,636,589,620,524,674,570,556,538,
208,280,129,238,189,259,203,215,163,284,219,326,280,282,119,321,231,240,218,289,173,354,111,267,129,293,162,351,252,231,208,372,273,323,188,307,200,303,199,207,176,296,
64,512,120,586,64,533,63,463,52,487,64,569,61,525,134,536,95,498,40,479,60,482,72,539,92,449,18,525,83,453,112,500,64,607,95,594,
205,418,247,453,224,394,253,494,120,403,219,326,223,429,109,399,173,354,146,418,162,351,156,400,208,372,287,433,277,431,258,405,156,373,
134,536,120,586,64,533,52,487,64,569,171,575,61,525,64,512,223,568,95,498,60,482,72,539,92,449,83,453,112,500,64,607,95,594,119,620,
680,742,726,806,621,821,681,732,656,758,679,741,615,788,737,719,731,811,591,766,659,744,645,808,717,719,715,760,666,736,703,788,705,731,705,701,683,729,620,781,663,682,
347,101,320,54,376,120,300,32,362,43,338,27,350,51,275,128,304,76,423,117,366,79,324,115,416,64,375,64,322,134,277,107,350,139,
193,801,264,803,240,760,218,897,279,784,175,720,235,720,231,715,213,732,247,845,96,803,152,822,128,751,248,773,138,805,
300,32,320,54,374,3,347,101,362,43,275,5,338,27,350,51,275,128,304,76,366,79,324,115,375,64,210,47,245,77,277,107,266,0,
362,43,320,54,374,3,376,120,347,101,300,32,275,5,338,27,350,51,447,13,304,76,423,117,366,79,324,115,461,37,416,64,375,64,322,134,449,60,350,139,
501,778,474,793,573,821,485,750,492,808,540,835,462,762,588,805,463,869,468,766,448,845,447,826,591,766,441,834,508,834,535,726,505,805,
600,906,573,821,549,980,621,821,659,881,540,835,627,992,552,936,630,909,600,973,570,980,532,977,646,877,650,972,635,920,639,975,651,964,595,822,663,903,
749,189,741,139,754,154,831,202,732,212,694,128,681,196,664,148,788,151,793,118,790,242,763,90,816,260,830,185,772,278,670,225,730,264,811,194,690,155,
986,568,968,580,929,552,917,597,939,538,947,603,943,647,
540,835,474,793,573,821,621,821,492,808,615,788,501,778,600,906,588,805,463,869,468,766,448,845,447,826,591,766,457,871,441,834,508,834,620,781,595,822,505,805,
288,198,203,215,213,140,280,282,231,240,275,128,314,274,324,115,298,193,314,200,252,231,322,134,343,267,277,107,347,254,323,222,350,139,314,238,199,207,
543,108,583,29,472,55,549,45,574,195,603,119,543,99,511,100,449,112,507,147,590,85,483,114,454,122,571,172,535,180,
627,992,549,980,600,906,552,936,630,909,600,973,704,967,570,980,532,977,650,972,635,920,639,975,651,964,720,997,663,903,
501,931,549,980,552,936,488,921,463,869,570,980,532,977,457,871,508,834,425,920,432,871,
760,377,696,448,702,388,802,364,839,401,805,348,721,304,821,406,831,348,699,436,772,278,745,343,
213,140,203,215,124,151,185,83,288,198,200,61,275,128,231,112,185,141,201,74,210,47,245,77,252,231,277,107,175,155,125,101,199,207,
219,326,313,341,224,394,189,259,163,284,208,280,205,418,280,282,231,240,218,289,173,354,129,293,162,351,156,400,208,372,273,323,188,307,258,405,200,303,156,373,176,296,
730,879,726,806,762,882,659,881,801,816,763,802,704,967,731,811,802,857,646,877,742,828,789,907,711,843,703,788,663,903,725,873,743,950,762,826,
534,363,513,277,607,358,575,351,538,322,462,351,599,405,444,399,601,342,497,419,531,301,591,401,595,436,511,306,
808,659,737,719,869,637,865,602,822,680,796,569,839,650,801,713,776,635,853,676,855,625,724,635,
462,762,474,793,485,750,492,808,503,675,501,778,468,766,448,845,447,826,471,679,441,834,508,834,385,776,535,726,474,668,363,775,505,805,
100,249,129,238,189,259,34,292,119,224,43,213,163,284,119,321,67,249,21,200,37,288,111,267,129,293,6,274,84,314,176,296,
44,810,54,887,83,776,89,871,47,880,26,890,73,748,96,803,6,743,138,805,
763,802,726,806,762,882,801,816,737,719,730,879,731,811,802,857,717,719,742,828,715,760,801,713,711,843,703,788,705,731,725,873,762,826,
556,672,518,673,503,675,578,622,571,597,643,628,614,655,623,659,471,679,535,726,474,668,
552,936,549,980,600,906,627,992,501,931,630,909,600,973,488,921,570,980,532,977,635,920,639,975,
330,739,341,678,304,813,264,803,240,760,365,701,343,769,351,811,279,784,308,706,235,720,302,710,302,757,275,716,385,776,293,717,305,815,248,773,363,775,
642,523,696,448,642,619,584,551,696,553,603,578,655,611,608,532,713,488,636,589,620,524,674,570,556,538,595,436,
117,107,124,151,134,16,185,83,95,55,78,46,200,61,57,84,185,141,201,74,175,155,125,101,41,111,112,45,66,88,
223,568,253,494,263,594,292,605,252,602,171,575,291,506,134,536,255,624,185,634,303,599,213,666,262,574,240,557,
575,351,513,277,607,358,534,363,538,322,649,409,655,328,599,405,601,342,626,404,531,301,591,401,595,436,511,306,
698,65,731,42,741,139,770,6,670,10,720,36,652,102,758,28,716,66,694,128,709,81,724,44,664,148,775,62,763,90,711,76,690,155,741,77,
627,165,574,195,603,119,591,236,652,102,694,128,681,196,590,85,664,148,648,187,571,172,670,225,690,155,535,180,
578,622,642,619,518,673,503,675,584,551,603,578,556,672,655,611,608,532,571,597,528,552,643,628,614,655,623,659,636,589,556,538,
78,46,134,16,95,55,117,107,3,7,57,84,65,10,125,101,41,111,9,6,112,45,66,88,
630,909,621,821,659,881,600,906,627,992,552,936,600,973,704,967,570,980,646,877,650,972,635,920,639,975,651,964,595,822,663,903,
251,956,226,942,204,960,218,897,172,899,185,957,215,912,300,873,
991,401,910,448,956,435,930,366,933,474,938,453,911,455,912,397,971,455,
543,99,583,29,472,55,549,45,603,119,543,108,511,100,449,112,507,147,590,85,483,114,454,122,571,172,535,180,
297,639,341,678,263,594,292,605,365,701,252,602,255,624,319,609,387,606,303,599,308,706,213,666,262,574,302,710,240,557,346,577,275,716,293,717,
949,752,934,682,928,711,889,820,861,763,926,704,983,731,885,805,883,794,880,807,965,806,922,772,959,798,
280,282,313,341,189,259,379,292,208,280,288,198,219,326,231,240,362,339,314,274,218,289,298,193,314,200,252,231,343,267,273,323,188,307,347,254,334,299,341,329,323,222,200,303,314,238,
600,973,549,980,600,906,627,992,552,936,630,909,570,980,532,977,650,972,635,920,639,975,651,964,663,903,
956,435,910,448,991,401,930,366,933,474,938,453,860,434,911,455,912,397,971,455,
94,361,34,292,120,403,119,321,28,379,109,399,173,354,51,368,92,449,37,288,87,354,83,453,111,267,146,418,129,293,162,351,156,400,95,403,84,314,98,401,156,373,12,350,
351,811,359,868,304,813,264,803,343,769,330,739,298,866,447,826,279,784,407,886,302,757,300,873,441,834,407,847,385,776,305,815,393,885,363,775,
298,866,359,868,304,813,264,803,351,811,218,897,279,784,215,912,300,873,247,845,305,815,393,885,
720,36,731,42,770,6,670,10,698,65,652,102,758,28,716,66,694,128,709,81,724,44,775,62,763,90,711,76,741,77,
702,388,696,448,607,358,760,377,649,409,655,328,626,404,721,304,699,436,745,343,
275,5,320,54,374,3,300,32,362,43,338,27,350,51,200,61,304,76,210,47,245,77,182,23,266,0,
223,429,247,453,224,394,253,494,205,418,173,354,146,418,162,351,156,400,208,372,287,433,277,431,258,405,305,384,156,373,
83,776,44,810,89,871,9,708,115,703,73,748,96,803,152,822,6,743,128,751,138,805,
488,921,549,980,501,931,552,936,463,869,448,845,407,886,532,977,457,871,441,834,508,834,425,920,432,871,
119,321,129,238,189,259,34,292,119,224,120,403,163,284,208,280,100,249,94,361,67,249,109,399,173,354,51,368,37,288,87,354,111,267,129,293,162,351,156,400,95,403,84,314,188,307,200,303,98,401,156,373,176,296,
405,274,379,292,378,320,402,257,389,276,442,209,362,339,314,274,474,213,462,351,411,214,343,267,473,250,347,254,334,299,341,329,440,202,323,222,314,238,
28,379,63,463,34,292,120,403,8,298,94,361,109,399,51,368,92,449,37,288,87,354,83,453,95,403,84,314,98,401,6,299,12,350,
865,602,859,556,829,557,869,637,808,659,829,511,822,680,796,569,929,552,917,597,839,650,776,635,860,517,939,538,853,676,879,528,855,625,947,603,943,647,887,530,
538,322,513,277,607,358,534,363,575,351,462,351,601,342,473,250,531,301,591,401,511,306,
588,805,573,821,621,821,492,808,656,758,615,788,501,778,540,835,591,766,659,744,646,877,645,808,508,834,620,781,535,726,595,822,505,805,
428,658,341,678,518,673,365,701,503,675,450,622,387,606,391,572,401,632,460,621,471,679,439,582,478,606,474,668,
754,154,741,139,749,189,831,202,732,212,716,66,694,128,709,81,681,196,664,148,788,151,793,118,790,242,775,62,763,90,711,76,830,185,811,194,690,155,741,77,
95,498,120,586,64,533,63,463,52,487,120,403,64,569,61,525,64,512,134,536,40,479,60,482,109,399,72,539,92,449,18,525,83,453,146,418,112,500,95,403,98,401,95,594,
338,27,320,54,374,3,347,101,300,32,362,43,275,5,350,51,304,76,366,79,324,115,416,64,375,64,266,0,
829,511,859,556,829,557,778,525,865,602,746,502,813,472,796,569,860,517,810,508,879,528,761,517,860,434,775,493,911,455,887,530,
463,869,474,793,492,808,501,778,540,835,501,931,488,921,448,845,447,826,407,886,457,871,441,834,407,847,508,834,425,920,393,885,432,871,505,805,
40,479,64,533,63,463,52,487,64,569,61,525,64,512,95,498,60,482,72,539,92,449,18,525,83,453,112,500,95,403,98,401,
350,51,320,54,374,3,376,120,347,101,300,32,362,43,275,5,338,27,304,76,423,117,366,79,324,115,416,64,375,64,322,134,449,60,277,107,350,139,266,0,
913,886,907,858,965,926,889,820,935,971,922,937,885,805,873,952,883,794,880,807,830,941,881,860,965,806,846,946,959,798,
704,967,659,881,627,992,730,879,630,909,650,972,635,920,639,975,651,964,720,997,663,903,725,873,743,950,
930,366,878,355,910,448,883,363,991,401,956,435,839,401,870,307,938,453,990,301,860,434,911,455,912,397,971,455,855,322,
591,236,574,195,513,277,630,267,627,165,681,196,648,187,531,301,571,172,670,225,535,180,
831,202,846,246,806,273,900,256,749,189,754,154,732,212,861,197,788,151,858,284,793,118,790,242,816,260,886,225,830,185,772,278,908,261,811,194,
442,209,402,257,389,276,513,277,405,274,474,213,423,117,449,112,507,147,411,214,473,250,454,122,440,202,535,180,
570,980,549,980,600,906,627,992,501,931,552,936,630,909,600,973,532,977,650,972,635,920,639,975,651,964,
450,622,518,673,503,675,428,658,387,606,391,572,460,524,401,632,460,621,471,679,439,582,478,606,474,668,
746,502,696,448,829,557,778,525,696,553,829,511,813,472,796,569,713,488,810,508,674,570,761,517,775,493,699,436,
231,240,189,259,203,215,163,284,208,280,288,198,219,326,280,282,314,274,218,289,298,193,314,200,252,231,273,323,188,307,323,222,200,303,314,238,199,207,176,296,
447,13,472,55,374,3,362,43,449,112,461,37,416,64,375,64,449,60,
652,102,731,42,741,139,670,10,603,119,698,65,627,165,720,36,716,66,694,128,709,81,724,44,681,196,590,85,664,148,648,187,711,76,690,155,741,77,
655,611,642,619,584,551,696,553,603,578,642,523,578,622,608,532,571,597,643,628,614,655,623,659,636,589,620,524,674,570,724,635,717,614,663,682,
218,897,226,942,204,960,193,801,251,956,298,866,172,899,185,957,215,912,300,873,247,845,152,822,
362,339,313,341,379,292,378,320,402,257,389,276,280,282,405,274,314,274,382,399,343,267,273,323,347,254,334,299,341,329,305,384,
200,61,134,16,185,83,213,140,117,107,275,5,231,112,185,141,201,74,210,47,245,77,277,107,175,155,125,101,112,45,182,23,266,0,
649,409,696,448,607,358,575,351,702,388,655,328,599,405,601,342,626,404,699,436,591,401,595,436,
731,811,726,806,762,882,681,732,801,816,656,758,679,741,737,719,680,742,730,879,763,802,802,857,659,744,645,808,717,719,742,828,715,760,666,736,711,843,703,788,705,731,683,729,725,873,762,826,
822,680,737,719,869,637,808,659,865,602,861,763,839,650,801,713,776,635,853,676,855,625,
275,128,320,54,347,101,300,32,288,198,213,140,304,76,324,115,298,193,231,112,185,141,201,74,245,77,314,200,322,134,277,107,350,139,
314,274,313,341,379,292,378,320,402,257,389,276,288,198,280,282,405,274,231,240,362,339,218,289,298,193,314,200,252,231,343,267,273,323,347,254,334,299,341,329,323,222,314,238,
608,532,642,619,584,551,696,553,603,578,642,523,578,622,655,611,571,597,528,552,636,589,620,524,674,570,556,538,595,436,
255,624,263,594,292,605,252,602,171,575,176,659,223,568,297,639,319,609,185,634,303,599,308,706,235,720,213,666,262,574,231,715,302,710,240,557,275,716,
468,766,474,793,485,750,492,808,503,675,501,778,540,835,462,762,448,845,447,826,471,679,441,834,508,834,385,776,535,726,474,668,505,805,
474,213,402,257,513,277,405,274,442,209,507,147,411,214,483,114,473,250,454,122,440,202,535,180,
304,76,320,54,376,120,347,101,300,32,362,43,275,5,338,27,350,51,275,128,366,79,324,115,231,112,375,64,210,47,245,77,322,134,277,107,350,139,266,0,
448,845,474,793,359,868,492,808,501,778,540,835,462,762,488,921,463,869,468,766,447,826,407,886,457,871,441,834,407,847,508,834,425,920,385,776,393,885,432,871,505,805,
732,212,741,139,806,273,749,189,754,154,831,202,694,128,681,196,664,148,788,151,648,187,790,242,695,282,721,304,816,260,772,278,670,225,730,264,811,194,690,155,
889,820,907,858,801,816,949,752,913,886,802,857,861,763,885,805,883,794,880,807,881,860,965,806,922,772,959,798,
571,597,642,619,518,673,584,551,603,578,556,672,578,622,655,611,608,532,528,552,643,628,614,655,623,659,636,589,620,524,556,538,478,606,
447,826,474,793,359,868,485,750,492,808,501,778,540,835,462,762,351,811,463,869,468,766,448,845,407,886,457,871,441,834,407,847,508,834,425,920,385,776,393,885,363,775,432,871,505,805,
802,857,726,806,762,882,801,816,730,879,763,802,731,811,889,820,742,828,789,907,711,843,885,805,880,807,830,941,881,860,846,946,725,873,762,826,
67,249,129,238,34,292,119,224,43,213,8,298,100,249,119,321,21,200,37,288,111,267,129,293,6,274,84,314,6,299,
3,7,78,46,57,84,65,10,9,6,
89,871,54,887,83,916,82,948,94,926,44,810,83,776,41,932,172,899,47,880,26,890,96,803,152,822,138,805,
279,784,304,813,264,803,240,760,343,769,193,801,330,739,351,811,298,866,308,706,235,720,231,715,302,710,302,757,300,873,213,732,247,845,275,716,293,717,305,815,248,773,363,775,
528,552,584,551,603,578,578,622,608,532,571,597,521,480,460,524,620,524,460,621,439,582,556,538,478,606,508,481,
218,289,189,259,203,215,163,284,208,280,219,326,280,282,231,240,314,274,173,354,129,293,162,351,252,231,208,372,273,323,188,307,200,303,199,207,176,296,
175,720,118,640,240,760,176,659,193,801,185,634,235,720,213,666,231,715,115,703,213,732,128,751,118,676,248,773,138,805,
511,100,472,55,549,45,603,119,543,108,543,99,423,117,449,112,461,37,507,147,590,85,449,60,483,114,454,122,571,172,535,180,
60,482,64,533,63,463,52,487,120,403,64,569,61,525,64,512,134,536,95,498,40,479,109,399,72,539,92,449,18,525,83,453,112,500,95,403,98,401,
109,399,63,463,120,403,205,418,94,361,119,321,28,379,95,498,60,482,173,354,51,368,92,449,87,354,83,453,146,418,162,351,156,400,95,403,84,314,98,401,156,373,
922,27,917,104,993,50,915,108,823,31,952,48,899,73,911,56,904,20,993,80,
423,117,472,55,376,120,347,101,362,43,350,51,442,209,511,100,366,79,449,112,324,115,461,37,416,64,507,147,375,64,411,214,449,60,483,114,454,122,440,202,350,139,
319,609,341,678,263,594,292,605,252,602,297,639,255,624,387,606,303,599,308,706,262,574,391,572,332,534,401,632,240,557,346,577,310,510,
387,606,341,678,379,523,292,605,365,701,297,639,428,658,450,622,319,609,303,599,391,572,332,534,401,632,460,621,439,582,346,577,478,606,
315,494,247,453,379,523,253,494,326,501,291,506,262,574,332,534,377,497,388,460,240,557,287,433,277,431,346,577,385,439,310,510,
185,634,120,586,263,594,118,640,252,602,171,575,176,659,223,568,255,624,175,720,235,720,213,666,262,574,231,715,115,703,240,557,118,676,95,594,119,620,
861,197,846,246,806,273,900,256,831,202,788,151,858,284,790,242,945,194,816,260,886,225,830,185,908,261,811,194,
861,763,801,816,928,711,949,752,822,680,889,820,926,704,801,713,853,676,885,805,883,794,880,807,881,860,922,772,
813,472,859,556,910,448,829,557,778,525,829,511,746,502,796,569,839,401,860,517,810,508,879,528,821,406,761,517,860,434,775,493,911,455,887,530,
796,569,859,556,829,557,778,525,869,637,808,659,865,602,829,511,746,502,813,472,839,650,776,635,860,517,810,508,879,528,855,625,761,517,775,493,887,530,724,635,717,614,
72,539,120,586,64,533,63,463,52,487,64,569,61,525,64,512,134,536,95,498,40,479,60,482,92,449,18,525,83,453,112,500,64,607,95,594,119,620,
303,599,341,678,263,594,292,605,252,602,291,506,223,568,297,639,255,624,319,609,387,606,262,574,391,572,332,534,240,557,346,577,310,510,
308,706,341,678,240,760,365,701,343,769,330,739,297,639,255,624,279,784,319,609,235,720,231,715,302,710,302,757,213,732,275,716,293,717,248,773,363,775,
366,79,320,54,374,3,376,120,347,101,300,32,362,43,338,27,350,51,304,76,423,117,449,112,324,115,416,64,375,64,322,134,449,60,277,107,454,122,350,139,
57,84,124,151,95,55,117,107,78,46,3,7,65,10,125,101,41,111,9,6,112,45,66,88,
449,112,472,55,376,120,543,108,543,99,442,209,447,13,511,100,423,117,366,79,461,37,416,64,507,147,375,64,449,60,483,114,454,122,440,202,
235,720,264,803,240,760,176,659,193,801,330,739,255,624,279,784,175,720,185,634,308,706,213,666,231,715,302,710,302,757,213,732,275,716,293,717,248,773,
213,666,263,594,292,605,118,640,240,760,252,602,176,659,223,568,297,639,255,624,175,720,185,634,235,720,231,715,302,710,213,732,275,716,293,717,118,676,
643,628,642,619,584,551,696,553,603,578,556,672,578,622,655,611,571,597,614,655,623,659,636,589,674,570,705,701,724,635,717,614,663,682,
262,574,253,494,263,594,292,605,326,501,252,602,171,575,291,506,223,568,297,639,255,624,319,609,315,494,185,634,303,599,332,534,240,557,346,577,310,510,
614,655,642,619,518,673,603,578,556,672,578,622,655,611,571,597,643,628,659,744,623,659,666,736,636,589,663,682,
231,715,264,803,240,760,176,659,193,801,255,624,279,784,175,720,185,634,308,706,235,720,213,666,302,710,302,757,213,732,275,716,293,717,248,773,
591,766,573,821,621,821,681,732,656,758,679,741,615,788,680,742,501,778,540,835,588,805,659,744,645,808,666,736,683,729,620,781,535,726,595,822,505,805,
659,744,726,806,621,821,681,732,656,758,679,741,615,788,737,719,680,742,588,805,731,811,614,655,591,766,623,659,645,808,717,719,715,760,666,736,703,788,705,731,705,701,683,729,620,781,663,682,
41,932,54,887,83,916,82,948,94,926,89,871,47,880,26,890,
9,708,83,776,75,642,70,653,73,748,48,647,6,743,
173,354,224,394,189,259,120,403,163,284,208,280,205,418,219,326,94,361,223,429,119,321,218,289,109,399,87,354,146,418,129,293,162,351,156,400,208,372,95,403,84,314,188,307,258,405,200,303,98,401,156,373,176,296,
51,368,63,463,34,292,120,403,8,298,94,361,119,321,28,379,109,399,92,449,37,288,87,354,83,453,95,403,84,314,98,401,6,299,12,350,
802,364,878,355,806,273,883,363,760,377,839,401,870,307,858,284,805,348,821,406,860,434,831,348,772,278,855,322,745,343,
929,552,968,580,859,556,986,568,865,602,917,597,933,474,860,517,939,538,938,453,879,528,947,603,943,647,911,455,887,530,
172,899,83,916,226,942,204,960,94,926,251,956,218,897,89,871,185,957,215,912,247,845,152,822,138,805,
21,200,34,292,43,213,8,298,100,249,67,249,37,288,6,274,41,111,
623,659,642,619,681,732,679,741,603,578,556,672,578,622,655,611,571,597,643,628,614,655,659,744,666,736,636,589,705,701,683,729,663,682,
407,886,359,868,351,811,488,921,463,869,448,845,447,826,457,871,441,834,407,847,425,920,393,885,432,871,
115,703,118,640,176,659,83,776,175,720,185,634,75,642,70,653,73,748,48,647,128,751,118,676,119,620,
324,115,320,54,376,120,347,101,300,32,362,43,288,198,338,27,350,51,275,128,304,76,423,117,366,79,298,193,231,112,375,64,245,77,314,200,322,134,277,107,350,139,
758,28,731,42,770,6,670,10,698,65,720,36,716,66,823,31,709,81,724,44,793,118,775,62,763,90,711,76,741,77,
521,480,449,485,584,551,528,552,460,524,497,419,450,439,556,538,508,481,595,436,
917,597,968,580,859,556,829,557,934,682,869,637,986,568,865,602,929,552,839,650,860,517,939,538,879,528,855,625,947,603,943,647,887,530,
839,401,878,355,910,448,883,363,760,377,930,366,813,472,802,364,870,307,805,348,821,406,860,434,831,348,911,455,912,397,855,322,
716,66,731,42,741,139,770,6,670,10,698,65,720,36,754,154,652,102,758,28,694,128,709,81,724,44,664,148,793,118,775,62,763,90,711,76,690,155,741,77,
391,572,379,523,326,501,428,658,450,622,319,609,387,606,303,599,332,534,460,524,377,497,401,632,460,621,439,582,346,577,478,606,
462,351,378,320,513,277,534,363,405,274,538,322,444,399,382,399,497,419,531,301,450,439,511,306,
532,977,549,980,600,906,627,992,501,931,552,936,600,973,488,921,570,980,
646,877,573,821,621,821,659,881,615,788,600,906,730,879,630,909,588,805,645,808,650,972,635,920,639,975,711,843,651,964,620,781,595,822,663,903,725,873,
92,449,64,533,63,463,52,487,120,403,61,525,64,512,134,536,94,361,28,379,95,498,40,479,60,482,109,399,72,539,51,368,87,354,83,453,146,418,156,400,112,500,95,403,98,401,156,373,
694,128,731,42,741,139,603,119,749,189,698,65,627,165,720,36,754,154,652,102,732,212,716,66,709,81,724,44,681,196,664,148,788,151,793,118,648,187,763,90,711,76,670,225,690,155,741,77,
332,534,379,523,253,494,263,594,292,605,326,501,291,506,319,609,387,606,315,494,303,599,262,574,391,572,377,497,388,460,240,557,346,577,310,510,
823,31,731,42,770,6,922,27,758,28,724,44,899,73,911,56,793,118,775,62,763,90,904,20,741,77,
839,650,859,556,829,557,869,637,808,659,865,602,822,680,796,569,917,597,801,713,776,635,853,676,855,625,
645,808,726,806,573,821,621,821,681,732,659,881,656,758,679,741,615,788,680,742,588,805,731,811,591,766,659,744,646,877,742,828,715,760,666,736,711,843,703,788,705,731,683,729,620,781,595,822,663,903,
460,524,379,523,449,485,450,622,528,552,521,480,391,572,377,497,388,460,460,621,439,582,450,439,556,538,478,606,508,481,
935,971,965,926,913,886,922,937,873,952,846,946,
461,37,472,55,374,3,549,45,362,43,447,13,511,100,423,117,449,112,416,64,375,64,449,60,483,114,454,122,
717,719,726,806,681,732,656,758,679,741,737,719,680,742,763,802,731,811,659,744,715,760,666,736,801,713,703,788,705,731,705,701,683,729,724,635,663,682,
742,828,726,806,762,882,659,881,801,816,730,879,763,802,731,811,802,857,645,808,715,760,789,907,711,843,703,788,725,873,762,826,
870,307,846,246,878,355,806,273,900,256,883,363,930,366,802,364,839,401,858,284,805,348,816,260,886,225,831,348,912,397,908,261,855,322,
655,328,607,358,630,267,575,351,702,388,649,409,599,405,601,342,695,282,626,404,721,304,730,264,591,401,745,343,
37,288,34,292,43,213,8,298,100,249,94,361,119,321,28,379,67,249,51,368,21,200,87,354,111,267,129,293,6,274,84,314,6,299,12,350,
709,81,731,42,741,139,770,6,670,10,698,65,720,36,754,154,652,102,758,28,716,66,694,128,724,44,664,148,793,118,775,62,763,90,711,76,690,155,741,77,
713,488,696,448,778,525,696,553,642,523,746,502,810,508,620,524,674,570,761,517,775,493,699,436,
377,497,379,523,449,485,326,501,291,506,315,494,391,572,332,534,460,524,388,460,382,399,346,577,450,439,385,439,310,510,
185,957,226,942,204,960,94,926,147,999,251,956,218,897,172,899,215,912,
724,44,731,42,741,139,770,6,670,10,698,65,720,36,652,102,758,28,716,66,694,128,823,31,709,81,775,62,763,90,711,76,741,77,
926,704,934,682,869,637,928,711,949,752,861,763,983,731,853,676,883,794,943,647,922,772,959,798,
302,710,341,678,240,760,365,701,343,769,330,739,297,639,255,624,279,784,308,706,235,720,213,666,231,715,302,757,213,732,275,716,293,717,248,773,363,775,
75,642,120,586,118,640,64,569,9,708,115,703,70,653,48,647,64,607,118,676,95,594,119,620,
298,193,203,215,288,198,280,282,231,240,275,128,314,274,324,115,314,200,252,231,322,134,343,267,277,107,347,254,323,222,350,139,314,238,199,207,
599,405,607,358,534,363,575,351,649,409,655,328,601,342,626,404,591,401,595,436,
388,460,379,523,449,485,326,501,315,494,332,534,460,524,377,497,444,399,382,399,450,439,385,439,310,510,
47,880,54,887,83,916,82,948,94,926,44,810,89,871,41,932,26,890,96,803,
215,912,226,942,204,960,251,956,298,866,218,897,172,899,185,957,300,873,247,845,
715,760,726,806,681,732,656,758,679,741,737,719,680,742,763,802,731,811,659,744,645,808,717,719,742,828,666,736,801,713,711,843,703,788,705,731,705,701,683,729,620,781,762,826,663,682,
70,653,120,586,118,640,64,569,9,708,115,703,75,642,73,748,48,647,64,607,118,676,95,594,119,620,
18,525,64,533,63,463,52,487,64,569,61,525,64,512,95,498,40,479,60,482,72,539,83,453,112,500,64,607,
789,907,762,882,801,816,730,879,802,857,742,828,873,952,830,941,846,946,725,873,743,950,762,826,
302,757,341,678,304,813,264,803,240,760,365,701,343,769,330,739,351,811,279,784,308,706,235,720,231,715,302,710,213,732,275,716,385,776,293,717,305,815,248,773,363,775,
983,731,934,682,928,711,949,752,926,704,965,806,943,647,922,772,959,798,
933,474,910,448,991,401,956,435,929,552,860,517,939,538,938,453,879,528,860,434,911,455,912,397,971,455,887,530,
87,354,34,292,120,403,8,298,94,361,119,321,28,379,109,399,173,354,51,368,92,449,37,288,83,453,111,267,146,418,129,293,162,351,156,400,95,403,84,314,98,401,156,373,6,299,12,350,
231,112,185,83,213,140,200,61,275,128,304,76,324,115,185,141,201,74,210,47,245,77,322,134,277,107,175,155,
650,972,659,881,600,906,627,992,630,909,600,973,704,967,570,980,646,877,635,920,639,975,651,964,720,997,663,903,743,950,
83,453,64,533,63,463,52,487,120,403,61,525,64,512,134,536,94,361,28,379,95,498,40,479,60,482,109,399,72,539,51,368,92,449,18,525,87,354,146,418,156,400,112,500,95,403,98,401,
300,873,359,868,304,813,264,803,251,956,351,811,298,866,218,897,279,784,215,912,247,845,305,815,393,885,
666,736,726,806,621,821,681,732,656,758,679,741,615,788,737,719,680,742,731,811,614,655,591,766,659,744,623,659,645,808,717,719,715,760,703,788,705,731,705,701,683,729,620,781,663,682,
26,890,54,887,83,916,82,948,94,926,44,810,89,871,41,932,47,880,
635,920,621,821,659,881,600,906,627,992,552,936,630,909,600,973,704,967,570,980,646,877,650,972,639,975,651,964,663,903,
801,713,737,719,808,659,763,802,822,680,861,763,839,650,717,719,715,760,776,635,853,676,705,731,705,701,
636,589,642,619,584,551,696,553,603,578,642,523,578,622,655,611,608,532,571,597,643,628,614,655,623,659,620,524,674,570,556,538,724,635,717,614,663,682,
639,975,549,980,659,881,600,906,627,992,552,936,630,909,600,973,704,967,570,980,646,877,650,972,635,920,651,964,720,997,663,903,
776,635,829,557,737,719,869,637,808,659,865,602,822,680,796,569,839,650,801,713,853,676,855,625,705,701,724,635,717,614,
111,267,129,238,189,259,34,292,119,224,43,213,163,284,208,280,100,249,94,361,119,321,67,249,37,288,87,354,129,293,162,351,84,314,188,307,200,303,176,296,
860,517,859,556,910,448,829,557,778,525,865,602,829,511,813,472,796,569,929,552,917,597,933,474,939,538,810,508,879,528,761,517,860,434,775,493,911,455,887,530,
939,538,968,580,859,556,910,448,986,568,865,602,929,552,917,597,933,474,860,517,938,453,879,528,947,603,911,455,971,455,887,530,
444,399,449,485,534,363,462,351,388,460,382,399,497,419,450,439,385,439,
213,732,264,803,240,760,176,659,193,801,279,784,175,720,308,706,235,720,213,666,231,715,302,710,302,757,275,716,293,717,128,751,248,773,
146,418,224,394,63,463,120,403,205,418,94,361,223,429,95,498,109,399,173,354,92,449,87,354,83,453,162,351,156,400,208,372,112,500,95,403,98,401,156,373,
185,141,203,215,124,151,185,83,213,140,117,107,200,61,275,128,231,112,201,74,210,47,245,77,277,107,175,155,125,101,199,207,
416,64,472,55,320,54,374,3,376,120,347,101,362,43,338,27,350,51,447,13,423,117,366,79,449,112,461,37,375,64,449,60,483,114,454,122,350,139,
382,399,313,341,378,320,362,339,462,351,377,497,388,460,444,399,341,329,450,439,385,439,305,384,
601,342,607,358,630,267,534,363,575,351,538,322,649,409,655,328,599,405,626,404,531,301,591,401,595,436,511,306,
952,48,917,104,993,50,915,108,922,27,899,73,911,56,946,127,904,20,993,80,
922,937,907,858,965,926,913,886,935,971,873,952,830,941,881,860,846,946,
711,843,726,806,621,821,762,882,659,881,801,816,730,879,763,802,731,811,802,857,646,877,645,808,742,828,715,760,703,788,663,903,725,873,762,826,
507,147,472,55,574,195,543,108,543,99,442,209,474,213,511,100,423,117,449,112,483,114,454,122,571,172,440,202,535,180,
247,845,304,813,264,803,240,760,226,942,193,801,298,866,218,897,279,784,172,899,215,912,300,873,152,822,305,815,248,773,
853,676,934,682,869,637,928,711,808,659,865,602,822,680,861,763,839,650,926,704,801,713,776,635,855,625,943,647,
810,508,859,556,829,557,778,525,829,511,746,502,813,472,796,569,713,488,860,517,879,528,761,517,860,434,775,493,887,530,
375,64,472,55,320,54,374,3,376,120,347,101,300,32,362,43,338,27,350,51,447,13,304,76,423,117,366,79,449,112,324,115,461,37,416,64,322,134,449,60,454,122,350,139,
65,10,134,16,95,55,78,46,3,7,57,84,9,6,112,45,66,88,
620,524,642,619,584,551,696,553,603,578,642,523,655,611,608,532,571,597,528,552,713,488,636,589,674,570,556,538,595,436,
899,73,917,104,993,50,915,108,922,27,823,31,952,48,911,56,946,127,904,20,993,80,
911,56,917,104,993,50,915,108,922,27,823,31,952,48,899,73,946,127,904,20,993,80,
651,964,659,881,600,906,627,992,630,909,600,973,704,967,570,980,646,877,650,972,635,920,639,975,720,997,663,903,743,950,
674,570,642,619,584,551,696,553,603,578,642,523,746,502,655,611,608,532,643,628,713,488,636,589,620,524,724,635,717,614,
938,453,910,448,991,401,956,435,930,366,929,552,933,474,939,538,879,528,860,434,911,455,912,397,971,455,887,530,
201,74,134,16,185,83,213,140,117,107,200,61,275,128,231,112,185,141,210,47,245,77,277,107,175,155,125,101,112,45,182,23,266,0,
129,293,129,238,189,259,34,292,119,224,163,284,208,280,219,326,100,249,94,361,119,321,67,249,218,289,173,354,37,288,87,354,111,267,162,351,84,314,188,307,200,303,156,373,176,296,
210,47,134,16,185,83,300,32,213,140,275,5,200,61,304,76,231,112,185,141,201,74,245,77,277,107,112,45,182,23,266,0,
681,196,741,139,630,267,749,189,627,165,754,154,591,236,652,102,732,212,694,128,664,148,648,187,695,282,670,225,730,264,690,155,
411,214,379,292,402,257,389,276,405,274,442,209,474,213,423,117,314,200,343,267,473,250,347,254,440,202,323,222,350,139,314,238,
73,748,44,810,83,776,9,708,115,703,70,653,96,803,6,743,128,751,118,676,138,805,
401,632,341,678,365,701,428,658,450,622,319,609,387,606,391,572,460,621,471,679,439,582,346,577,478,606,474,668,
590,85,583,29,549,45,603,119,543,108,627,165,543,99,652,102,511,100,664,148,571,172,
885,805,907,858,801,816,949,752,913,886,889,820,802,857,861,763,883,794,880,807,881,860,965,806,922,772,959,798,
664,148,741,139,603,119,749,189,698,65,627,165,754,154,652,102,732,212,716,66,694,128,709,81,681,196,590,85,648,187,711,76,571,172,670,225,690,155,
873,952,907,858,965,926,913,886,935,971,789,907,922,937,830,941,881,860,846,946,
883,794,907,858,801,816,928,711,949,752,913,886,889,820,861,763,926,704,885,805,880,807,881,860,965,806,922,772,959,798,
457,871,474,793,359,868,492,808,540,835,501,931,488,921,463,869,448,845,447,826,407,886,441,834,407,847,508,834,425,920,393,885,432,871,505,805,
460,621,518,673,503,675,428,658,450,622,528,552,387,606,391,572,460,524,401,632,471,679,439,582,478,606,474,668,
788,151,741,139,749,189,754,154,831,202,732,212,861,197,694,128,793,118,790,242,775,62,763,90,830,185,811,194,690,155,741,77,
6,274,34,292,43,213,8,298,100,249,67,249,21,200,37,288,84,314,6,299,12,350,
162,351,224,394,189,259,120,403,163,284,208,280,205,418,219,326,94,361,223,429,119,321,218,289,109,399,173,354,87,354,111,267,146,418,129,293,156,400,208,372,95,403,84,314,188,307,200,303,98,401,156,373,176,296,
879,528,859,556,910,448,829,557,865,602,829,511,813,472,796,569,929,552,917,597,933,474,860,517,939,538,810,508,938,453,855,625,860,434,911,455,887,530,
471,679,485,750,518,673,503,675,462,762,556,672,428,658,450,622,468,766,401,632,460,621,535,726,478,606,474,668,
245,77,185,83,320,54,300,32,213,140,275,5,200,61,275,128,304,76,324,115,231,112,185,141,201,74,210,47,322,134,277,107,182,23,266,0,
858,284,846,246,878,355,806,273,900,256,883,363,831,202,861,197,802,364,870,307,790,242,805,348,816,260,886,225,831,348,772,278,908,261,855,322,
793,118,731,42,741,139,749,189,754,154,831,202,758,28,716,66,694,128,823,31,709,81,788,151,775,62,763,90,711,76,830,185,811,194,741,77,
314,200,288,198,280,282,231,240,275,128,314,274,324,115,298,193,411,214,252,231,322,134,343,267,347,254,323,222,350,139,314,238,
990,301,930,366,908,261,
252,231,189,259,203,215,208,280,288,198,213,140,280,282,231,240,314,274,218,289,298,193,314,200,343,267,273,323,188,307,347,254,323,222,200,303,314,238,199,207,
648,187,574,195,603,119,630,267,627,165,591,236,652,102,732,212,694,128,681,196,664,148,571,172,670,225,690,155,
703,788,726,806,621,821,681,732,656,758,679,741,615,788,737,719,680,742,730,879,763,802,731,811,659,744,645,808,717,719,742,828,715,760,666,736,711,843,705,731,705,701,683,729,620,781,725,873,762,826,
497,419,449,485,534,363,521,480,462,351,444,399,450,439,591,401,508,481,595,436,
880,807,907,858,801,816,949,752,913,886,889,820,802,857,861,763,885,805,883,794,881,860,965,806,922,772,959,798,
156,400,224,394,120,403,205,418,219,326,94,361,223,429,119,321,109,399,173,354,92,449,87,354,83,453,146,418,162,351,208,372,95,403,188,307,98,401,156,373,
322,134,320,54,376,120,347,101,362,43,288,198,350,51,275,128,304,76,366,79,324,115,298,193,231,112,375,64,245,77,314,200,277,107,323,222,350,139,
855,625,859,556,829,557,934,682,869,637,808,659,865,602,822,680,796,569,917,597,839,650,776,635,853,676,879,528,947,603,943,647,
830,941,762,882,913,886,802,857,789,907,922,937,873,952,881,860,846,946,743,950,
720,997,627,992,704,967,650,972,639,975,651,964,743,950,
208,372,247,453,224,394,120,403,163,284,208,280,205,418,219,326,223,429,218,289,173,354,146,418,162,351,156,400,273,323,287,433,188,307,277,431,258,405,305,384,200,303,156,373,176,296,
439,582,379,523,449,485,428,658,450,622,528,552,387,606,391,572,460,524,401,632,460,621,346,577,478,606,474,668,
112,500,120,586,64,533,63,463,52,487,120,403,64,569,171,575,61,525,64,512,134,536,95,498,40,479,60,482,72,539,92,449,18,525,83,453,146,418,95,403,98,401,95,594,
95,403,63,463,52,487,120,403,94,361,119,321,28,379,95,498,40,479,60,482,109,399,173,354,51,368,92,449,87,354,83,453,146,418,162,351,156,400,112,500,84,314,98,401,156,373,12,350,
441,834,474,793,359,868,485,750,492,808,501,778,540,835,462,762,351,811,488,921,463,869,468,766,448,845,447,826,407,886,457,871,407,847,508,834,425,920,385,776,393,885,363,775,432,871,505,805,
449,60,472,55,374,3,376,120,362,43,350,51,447,13,511,100,423,117,366,79,449,112,461,37,416,64,375,64,483,114,454,122,
96,803,54,887,193,801,44,810,83,776,89,871,47,880,73,748,152,822,128,751,138,805,
705,731,726,806,681,732,656,758,679,741,737,719,680,742,763,802,731,811,659,744,645,808,717,719,715,760,666,736,801,713,703,788,705,701,683,729,620,781,724,635,663,682,
343,267,313,341,379,292,378,320,402,257,389,276,288,198,280,282,405,274,362,339,314,274,298,193,411,214,314,200,252,231,273,323,347,254,334,299,341,329,323,222,314,238,
947,603,968,580,859,556,934,682,869,637,986,568,865,602,929,552,917,597,939,538,855,625,943,647,887,530,
277,107,185,83,320,54,376,120,347,101,300,32,288,198,213,140,350,51,200,61,275,128,304,76,366,79,324,115,298,193,231,112,185,141,201,74,210,47,245,77,322,134,350,139,
483,114,472,55,549,45,543,108,543,99,474,213,511,100,423,117,449,112,461,37,416,64,507,147,449,60,454,122,440,202,535,180,
240,557,253,494,263,594,292,605,252,602,171,575,291,506,223,568,297,639,255,624,319,609,315,494,185,634,303,599,262,574,332,534,310,510,
705,701,681,732,656,758,679,741,737,719,680,742,643,628,659,744,623,659,717,719,715,760,666,736,801,713,776,635,703,788,705,731,683,729,724,635,717,614,663,682,
473,250,402,257,389,276,513,277,405,274,538,322,442,209,474,213,411,214,531,301,440,202,535,180,511,306,
273,323,313,341,224,394,208,280,219,326,280,282,231,240,362,339,314,274,218,289,252,231,208,372,343,267,188,307,334,299,341,329,258,405,305,384,200,303,314,238,
790,242,846,246,806,273,749,189,754,154,831,202,732,212,861,197,788,151,858,284,721,304,816,260,886,225,830,185,772,278,730,264,811,194,
695,282,630,267,732,212,655,328,681,196,721,304,772,278,670,225,730,264,745,343,
626,404,696,448,607,358,575,351,702,388,649,409,655,328,599,405,601,342,699,436,591,401,595,436,
881,860,907,858,801,816,913,886,889,820,802,857,861,763,922,937,885,805,873,952,883,794,880,807,830,941,965,806,922,772,846,946,959,798,
775,62,731,42,741,139,770,6,698,65,720,36,754,154,758,28,716,66,823,31,709,81,724,44,788,151,793,118,763,90,711,76,741,77,
287,433,247,453,313,341,224,394,253,494,326,501,291,506,205,418,223,429,315,494,208,372,277,431,258,405,385,439,305,384,310,510,
531,301,513,277,607,358,534,363,575,351,538,322,591,236,462,351,601,342,473,250,511,306,
84,314,129,238,34,292,119,224,120,403,163,284,8,298,100,249,94,361,119,321,28,379,67,249,109,399,173,354,51,368,37,288,87,354,111,267,129,293,6,274,162,351,95,403,98,401,156,373,6,299,176,296,12,350,
683,729,726,806,681,732,656,758,679,741,615,788,737,719,680,742,731,811,591,766,659,744,623,659,645,808,717,719,715,760,666,736,703,788,705,731,705,701,620,781,663,682,
407,847,474,793,359,868,492,808,351,811,463,869,448,845,447,826,407,886,457,871,441,834,425,920,385,776,393,885,363,775,432,871,
188,307,129,238,224,394,189,259,203,215,163,284,208,280,219,326,280,282,119,321,231,240,218,289,173,354,111,267,129,293,162,351,252,231,156,400,208,372,273,323,200,303,156,373,176,296,
277,431,247,453,313,341,224,394,253,494,326,501,291,506,205,418,223,429,315,494,208,372,287,433,258,405,305,384,310,510,
152,822,193,801,83,776,218,897,89,871,172,899,247,845,96,803,128,751,138,805,
48,647,120,586,118,640,64,569,9,708,115,703,75,642,70,653,64,607,118,676,95,594,119,620,
945,194,917,104,915,108,900,256,861,197,946,127,886,225,908,261,
763,90,731,42,741,139,770,6,749,189,698,65,720,36,754,154,758,28,716,66,694,128,823,31,709,81,724,44,788,151,793,118,775,62,711,76,690,155,741,77,
711,76,731,42,741,139,770,6,670,10,698,65,720,36,754,154,652,102,758,28,716,66,694,128,709,81,724,44,664,148,793,118,775,62,763,90,690,155,741,77,
347,254,313,341,379,292,378,320,402,257,389,276,288,198,280,282,405,274,362,339,314,274,298,193,411,214,314,200,252,231,343,267,334,299,341,329,323,222,314,238,
946,127,917,104,993,50,915,108,952,48,899,73,911,56,945,194,993,80,
346,577,379,523,263,594,292,605,326,501,252,602,291,506,297,639,319,609,387,606,315,494,303,599,262,574,391,572,332,534,377,497,401,632,439,582,310,510,
334,299,313,341,379,292,378,320,402,257,389,276,280,282,405,274,362,339,314,274,343,267,273,323,347,254,341,329,323,222,305,384,314,238,
904,20,917,104,993,50,915,108,922,27,823,31,952,48,899,73,911,56,
508,834,474,793,573,821,485,750,492,808,501,778,540,835,501,931,462,762,488,921,588,805,463,869,468,766,448,845,447,826,457,871,441,834,595,822,432,871,505,805,
341,329,313,341,379,292,378,320,402,257,389,276,280,282,405,274,362,339,314,274,382,399,343,267,273,323,347,254,334,299,305,384,314,238,
454,122,472,55,376,120,543,108,543,99,442,209,474,213,511,100,423,117,366,79,449,112,461,37,416,64,507,147,375,64,449,60,483,114,440,202,535,180,
571,172,574,195,603,119,543,108,627,165,543,99,591,236,511,100,507,147,590,85,664,148,648,187,535,180,
175,155,129,238,203,215,124,151,185,83,119,224,213,140,117,107,200,61,231,112,185,141,201,74,125,101,199,207,
805,348,878,355,806,273,883,363,760,377,802,364,839,401,870,307,858,284,721,304,821,406,816,260,831,348,772,278,855,322,745,343,
965,806,907,858,949,752,913,886,889,820,983,731,885,805,883,794,880,807,881,860,922,772,959,798,
721,304,806,273,630,267,760,377,702,388,732,212,655,328,790,242,695,282,805,348,772,278,670,225,730,264,745,343,
64,607,120,586,64,533,118,640,64,569,61,525,64,512,134,536,72,539,75,642,70,653,18,525,48,647,118,676,95,594,119,620,
620,781,573,821,621,821,681,732,656,758,679,741,615,788,680,742,540,835,588,805,591,766,659,744,646,877,645,808,715,760,666,736,703,788,705,731,683,729,595,822,
450,439,449,485,521,480,462,351,460,524,377,497,388,460,444,399,382,399,497,419,385,439,508,481,
440,202,402,257,389,276,405,274,442,209,474,213,423,117,449,112,507,147,411,214,483,114,473,250,454,122,535,180,
275,716,341,678,264,803,240,760,365,701,343,769,330,739,297,639,255,624,279,784,308,706,235,720,213,666,231,715,302,710,302,757,213,732,293,717,248,773,
425,920,359,868,501,931,488,921,463,869,448,845,447,826,407,886,457,871,441,834,407,847,393,885,432,871,
6,743,44,810,83,776,9,708,73,748,
821,406,878,355,910,448,883,363,760,377,813,472,802,364,839,401,805,348,860,434,775,493,831,348,912,397,855,322,745,343,
761,517,696,448,829,557,778,525,696,553,829,511,746,502,813,472,796,569,713,488,860,517,810,508,775,493,
860,434,878,355,910,448,883,363,956,435,829,511,930,366,813,472,802,364,839,401,933,474,860,517,810,508,938,453,879,528,821,406,831,348,911,455,912,397,887,530,
385,776,474,793,359,868,304,813,365,701,343,769,462,762,330,739,351,811,468,766,448,845,447,826,302,757,441,834,407,847,305,815,363,775,
293,717,341,678,304,813,264,803,240,760,365,701,343,769,330,739,297,639,279,784,308,706,235,720,213,666,231,715,302,710,302,757,213,732,275,716,305,815,248,773,363,775,
305,815,359,868,304,813,264,803,240,760,343,769,330,739,351,811,298,866,279,784,302,757,300,873,247,845,385,776,293,717,248,773,363,775,
816,260,846,246,806,273,900,256,749,189,831,202,732,212,861,197,870,307,858,284,790,242,805,348,886,225,830,185,831,348,772,278,908,261,730,264,811,194,855,322,
886,225,846,246,806,273,900,256,831,202,861,197,870,307,858,284,790,242,945,194,816,260,830,185,908,261,811,194,
128,751,193,801,83,776,175,720,115,703,213,732,73,748,96,803,152,822,118,676,138,805,
943,647,968,580,934,682,869,637,928,711,986,568,865,602,929,552,917,597,926,704,983,731,853,676,855,625,947,603,
258,405,247,453,313,341,224,394,253,494,205,418,219,326,223,429,173,354,208,372,273,323,287,433,277,431,305,384,
125,101,124,151,134,16,185,83,95,55,213,140,117,107,78,46,200,61,57,84,185,141,201,74,175,155,41,111,112,45,66,88,182,23,
323,222,379,292,402,257,389,276,288,198,280,282,405,274,231,240,314,274,298,193,411,214,314,200,252,231,322,134,343,267,347,254,334,299,350,139,314,238,
556,538,584,551,603,578,642,523,578,622,608,532,571,597,528,552,521,480,460,524,636,589,620,524,508,481,
775,493,696,448,829,557,778,525,696,553,829,511,746,502,813,472,796,569,713,488,860,517,810,508,821,406,761,517,699,436,
830,185,846,246,806,273,900,256,749,189,754,154,831,202,861,197,788,151,793,118,790,242,816,260,886,225,811,194,
831,348,878,355,806,273,883,363,760,377,802,364,839,401,870,307,858,284,805,348,821,406,860,434,816,260,772,278,912,397,855,322,745,343,
385,439,379,523,449,485,326,501,315,494,377,497,388,460,444,399,382,399,287,433,450,439,305,384,
350,139,320,54,376,120,347,101,362,43,288,198,350,51,275,128,304,76,423,117,366,79,324,115,298,193,416,64,375,64,411,214,314,200,322,134,277,107,323,222,
118,676,120,586,118,640,176,659,175,720,185,634,213,666,115,703,75,642,70,653,73,748,48,647,64,607,128,751,95,594,119,620,
393,885,359,868,351,811,298,866,463,869,448,845,447,826,407,886,300,873,457,871,441,834,407,847,425,920,432,871,
248,773,304,813,264,803,240,760,343,769,193,801,330,739,279,784,175,720,308,706,235,720,231,715,302,710,302,757,213,732,247,845,275,716,293,717,305,815,
535,726,474,793,485,750,518,673,492,808,503,675,501,778,462,762,556,672,588,805,468,766,591,766,471,679,474,668,505,805,
478,606,518,673,503,675,428,658,450,622,571,597,528,552,387,606,391,572,460,524,401,632,460,621,471,679,439,582,474,668,
305,384,247,453,313,341,224,394,378,320,223,429,362,339,382,399,208,372,273,323,287,433,277,431,334,299,341,329,258,405,385,439,
474,668,485,750,518,673,503,675,462,762,556,672,428,658,450,622,468,766,401,632,460,621,471,679,439,582,535,726,478,606,
699,436,696,448,760,377,702,388,746,502,649,409,713,488,626,404,775,493,
363,775,341,678,359,868,304,813,365,701,343,769,462,762,330,739,351,811,447,826,279,784,308,706,302,710,302,757,441,834,407,847,385,776,293,717,305,815,
138,805,193,801,44,810,83,776,89,871,175,720,172,899,73,748,96,803,152,822,128,751,
911,455,910,448,883,363,991,401,956,435,829,511,930,366,813,472,929,552,839,401,933,474,860,517,939,538,938,453,879,528,860,434,912,397,971,455,887,530,
772,278,846,246,806,273,749,189,760,377,831,202,732,212,802,364,858,284,790,242,695,282,805,348,721,304,816,260,831,348,730,264,811,194,855,322,745,343,
41,111,124,151,95,55,117,107,78,46,57,84,21,200,125,101,112,45,66,88,
922,772,907,858,934,682,928,711,949,752,889,820,861,763,926,704,983,731,885,805,883,794,880,807,881,860,965,806,959,798,
670,225,630,267,749,189,627,165,591,236,732,212,694,128,681,196,664,148,648,187,695,282,721,304,730,264,690,155,
200,303,129,238,224,394,189,259,203,215,163,284,208,280,219,326,280,282,119,321,231,240,218,289,173,354,111,267,129,293,162,351,252,231,208,372,273,323,188,307,199,207,156,373,176,296,
595,822,573,821,621,821,659,881,656,758,615,788,600,906,540,835,630,909,588,805,591,766,646,877,645,808,508,834,620,781,505,805,
314,238,379,292,402,257,389,276,288,198,280,282,405,274,231,240,314,274,298,193,411,214,314,200,252,231,343,267,273,323,347,254,334,299,341,329,323,222,
912,397,878,355,910,448,883,363,991,401,956,435,930,366,839,401,870,307,933,474,938,453,821,406,860,434,831,348,911,455,971,455,855,322,
98,401,63,463,52,487,120,403,94,361,119,321,28,379,95,498,40,479,60,482,109,399,173,354,51,368,92,449,87,354,83,453,146,418,162,351,156,400,112,500,95,403,84,314,156,373,12,350,
908,261,846,246,878,355,900,256,831,202,861,197,870,307,858,284,990,301,945,194,816,260,886,225,855,322,
730,264,806,273,749,189,732,212,655,328,681,196,790,242,695,282,721,304,816,260,772,278,670,225,745,343,
199,207,129,238,189,259,203,215,124,151,119,224,163,284,208,280,288,198,213,140,231,240,218,289,298,193,185,141,252,231,175,155,200,303,176,296,
9,6,95,55,78,46,3,7,57,84,65,10,66,88,
432,871,474,793,359,868,492,808,501,931,488,921,463,869,448,845,447,826,407,886,457,871,441,834,407,847,508,834,425,920,393,885,505,805,
811,194,846,246,741,139,806,273,749,189,754,154,831,202,732,212,861,197,788,151,793,118,790,242,816,260,886,225,830,185,772,278,
310,510,247,453,379,523,253,494,263,594,292,605,326,501,291,506,319,609,315,494,303,599,262,574,332,534,377,497,388,460,240,557,287,433,277,431,346,577,
591,401,607,358,534,363,575,351,538,322,649,409,655,328,599,405,601,342,497,419,626,404,595,436,
971,455,910,448,991,401,956,435,930,366,933,474,939,538,938,453,911,455,912,397,
112,45,134,16,185,83,95,55,117,107,78,46,200,61,57,84,65,10,201,74,210,47,125,101,41,111,66,88,182,23,
156,373,224,394,120,403,163,284,205,418,219,326,94,361,223,429,119,321,109,399,173,354,92,449,87,354,146,418,129,293,162,351,156,400,208,372,95,403,84,314,188,307,200,303,98,401,176,296,
508,481,449,485,528,552,521,480,460,524,497,419,450,439,556,538,595,436,
66,88,124,151,134,16,95,55,117,107,78,46,57,84,65,10,125,101,41,111,9,6,112,45,
846,946,913,886,802,857,935,971,789,907,922,937,873,952,830,941,881,860,
887,530,968,580,859,556,910,448,829,557,865,602,829,511,813,472,796,569,929,552,917,597,933,474,860,517,939,538,810,508,938,453,879,528,947,603,860,434,911,455,
993,80,917,104,993,50,915,108,922,27,952,48,899,73,911,56,946,127,
663,903,621,821,659,881,600,906,627,992,730,879,630,909,600,973,704,967,646,877,645,808,650,972,635,920,639,975,711,843,651,964,725,873,743,950,
690,155,741,139,603,119,749,189,698,65,627,165,754,154,652,102,732,212,716,66,694,128,709,81,681,196,664,148,788,151,648,187,763,90,711,76,670,225,741,77,
6,299,34,292,43,213,8,298,28,379,67,249,51,368,37,288,87,354,6,274,84,314,12,350,
176,296,129,238,189,259,203,215,119,224,163,284,208,280,219,326,100,249,119,321,231,240,218,289,173,354,111,267,129,293,162,351,208,372,84,314,188,307,200,303,199,207,156,373,
959,798,907,858,928,711,949,752,913,886,889,820,926,704,983,731,885,805,883,794,880,807,881,860,965,806,922,772,
595,436,607,358,534,363,642,523,575,351,649,409,608,532,521,480,599,405,601,342,620,524,497,419,626,404,591,401,508,481,
182,23,134,16,185,83,95,55,275,5,200,61,201,74,210,47,245,77,125,101,112,45,266,0,
95,594,120,586,64,533,118,640,64,569,171,575,61,525,64,512,134,536,95,498,185,634,72,539,75,642,70,653,112,500,48,647,64,607,118,676,119,620,
725,873,726,806,762,882,659,881,801,816,730,879,763,802,704,967,731,811,802,857,646,877,742,828,789,907,711,843,703,788,663,903,743,950,762,826,
266,0,320,54,300,32,275,5,338,27,350,51,200,61,304,76,201,74,210,47,245,77,182,23,
743,950,762,882,730,879,704,967,789,907,650,972,651,964,830,941,720,997,663,903,725,873,
724,635,642,619,696,553,737,719,808,659,655,611,796,569,643,628,717,719,636,589,776,635,674,570,705,731,705,701,717,614,663,682,
535,180,574,195,513,277,603,119,543,108,627,165,543,99,591,236,442,209,474,213,511,100,507,147,483,114,473,250,454,122,571,172,440,202,
741,77,731,42,741,139,770,6,670,10,698,65,720,36,754,154,652,102,758,28,716,66,694,128,823,31,709,81,724,44,788,151,793,118,775,62,763,90,711,76,690,155,
505,805,474,793,573,821,485,750,492,808,501,778,540,835,462,762,588,805,463,869,468,766,448,845,447,826,591,766,457,871,441,834,508,834,535,726,595,822,432,871,
717,614,642,619,696,553,655,611,796,569,643,628,636,589,776,635,674,570,705,701,724,635,663,682,
12,350,34,292,8,298,94,361,28,379,51,368,37,288,87,354,6,274,95,403,84,314,98,401,6,299,
511,306,513,277,534,363,575,351,538,322,462,351,601,342,473,250,531,301,
762,826,726,806,762,882,801,816,730,879,763,802,731,811,802,857,742,828,715,760,789,907,711,843,703,788,725,873,
663,682,642,619,681,732,656,758,679,741,737,719,680,742,655,611,643,628,614,655,659,744,623,659,717,719,715,760,666,736,636,589,705,731,705,701,683,729,724,635,717,614,
855,322,846,246,878,355,806,273,900,256,883,363,930,366,802,364,839,401,870,307,858,284,805,348,821,406,816,260,831,348,772,278,912,397,908,261,
119,620,120,586,118,640,64,569,171,575,176,659,134,536,185,634,72,539,115,703,75,642,70,653,48,647,64,607,118,676,95,594,
745,343,806,273,760,377,702,388,802,364,655,328,695,282,805,348,721,304,821,406,831,348,772,278,730,264,
